display_name,canonical_repo_or_product,url,category,provenance,decision,rationale,license_or_terms,lifecycle_note
gstack,garrytan/gstack,https://github.com/garrytan/gstack,coding workflow / skill system,explicitly user-supplied,ADOPT NOW,Use a profiled subset as the primary product-build and review workflow; keep deploy and team auto-update features opt-in.,MIT,Active; latest observed 2026-07-15.
Everything Claude Code (ECC),affaan-m/ECC,https://github.com/affaan-m/ECC,cross-agent skill/operator system,explicitly user-supplied,PILOT,"Test one minimal selective profile for cross-harness packaging, audits, memory discipline, and quality gates before promoting individual capabilities.",MIT,Active v2 line; latest observed 2026-07-14. Former affaan-m/everything-claude-code URL redirects here.
WorldFlowAI Everything Claude Code,WorldFlowAI/everything-claude-code,https://github.com/WorldFlowAI/everything-claude-code,skill pack mirror / adaptation,recovered project list; attribution unresolved,DO NOT USE,Exclude the stale unofficial adaptation; canonical ECC is newer and has clearer provenance and licensing.,README claims MIT; no LICENSE file found,Last observed 2026-01-23; materially behind canonical ECC.
Superpowers,obra/superpowers,https://github.com/obra/superpowers,coding workflow / skill system,recovered project list; attribution unresolved,HARVEST,"Adapt systematic debugging, verification-before-completion, worktree setup, and staged review without globally imposing its full mandatory workflow.",MIT,Active; v6.1.1 and latest observed 2026-07-02.
Cavekit,JuliusBrussee/cavekit,https://github.com/JuliusBrussee/cavekit,spec workflow / skills,recovered project list; attribution unresolved,HARVEST,"Adapt compact SPEC.md, invariants, proof, drift checks, and bug-backprop into namespaced internal skills.",MIT,Active v4.1 line; latest observed 2026-06-18.
GitHub Spec Kit,github/spec-kit,https://github.com/github/spec-kit,spec-driven development,recovered project list; attribution unresolved,PILOT,Run one greenfield or isolated module trial and reuse its preset/adapter architecture regardless of runtime adoption.,MIT,Active release and extension ecosystem; latest observed 2026-07-17.
Claude Guardrails,dwarvesf/claude-guardrails,https://github.com/dwarvesf/claude-guardrails,security guardrails,recovered project list; attribution unresolved,ADOPT NOW,"Use the Lite profile for trusted repos, verify hook/settings diffs, and retain OS/container sandboxing as the real boundary.",MIT,v0.4.0; latest observed 2026-06-04.
OpenHands legacy umbrella repo,OpenHands/OpenHands,https://github.com/OpenHands/OpenHands,coding agent / agent canvas umbrella,recovered user-supplied batch,WATCH,Track the source transition; reassess only if the selected session control plane cannot handle remote or always-on backends.,MIT except separately licensed enterprise/,Beta and transitioning source to software-agent-sdk and agent-canvas; latest observed 2026-07-17.
Open SWE,langchain-ai/open-swe,https://github.com/langchain-ai/open-swe,internal coding agent platform,recovered user-supplied batch,PILOT,Pilot later on one low-risk repo when Slack/GitHub invocation and cloud sandboxes solve a measured need; draft PR only.,MIT,Active; latest observed 2026-07-17.
SWE-agent,SWE-agent/SWE-agent,https://github.com/SWE-agent/SWE-agent,research coding agent,recovered user-supplied batch,DO NOT USE,Do not adopt the superseded runtime; use its benchmark ideas and separately evaluate mini-SWE-agent if needed.,MIT,Latest observed 2026-07-16; upstream says mini-swe-agent supersedes it.
Aider,Aider-AI/aider,https://github.com/Aider-AI/aider,terminal coding agent,recovered user-supplied batch,PILOT,Compare on bounded non-critical tasks as a lower-cost multi-provider fallback with automatic commits disabled.,Apache-2.0,Mature beta package; latest observed 2026-05-22.
Open Interpreter,openinterpreter/openinterpreter,https://github.com/openinterpreter/openinterpreter,terminal coding agent,recovered user-supplied project mention,PILOT,Benchmark as a provider-neutral low-cost fallback on the same bounded tasks as Aider and keep only the better lane.,Apache-2.0,Active new Rust/Codex-derived line; latest observed 2026-07-17.
Continue,continuedev/continue,https://github.com/continuedev/continue,IDE / coding agent,recovered user-supplied project mention,DO NOT USE,Do not start new work on a read-only final release that is fully duplicated by active agents.,Apache-2.0,Final 2.0; read-only and no longer actively maintained as of 2026-06-19.
Cline,cline/cline,https://github.com/cline/cline,IDE / coding agent,recovered user-supplied project mention,WATCH,"Harvest Plan/Act, checkpoints, and provider-neutral patterns; install only for a concrete Cline-only capability because it overlaps the selected stack.",Apache-2.0,Highly active; latest observed 2026-07-17.
Agent Orchestrator,AgentWrapper/agent-orchestrator,https://github.com/AgentWrapper/agent-orchestrator,coding-agent control plane,recovered project list; attribution unresolved,PILOT,"Run as the sole local Claude/Codex session and worktree control plane for three representative tasks; promote only if it reduces relay burden without harming PR safety, keep auto-merge off, and review telemetry.",Apache-2.0,Active desktop line; latest observed 2026-07-17. Former ComposioHQ URL redirects here; old npm CLI is frozen.
AI Maestro,23blocks-OS/ai-maestro,https://github.com/23blocks-OS/ai-maestro,multi-machine agent control plane,recovered project list; attribution unresolved,WATCH,Revisit only if the chosen local control plane cannot satisfy real multi-machine operation; current footprint is excessive.,MIT,README v0.35.54; latest observed 2026-06-13.
Octogent,hesamsheikh/octogent,https://github.com/hesamsheikh/octogent,agent orchestration / context UI,recovered project list; attribution unresolved,HARVEST,"Reuse scoped context, todo, and durable handoff conventions; avoid the early Claude-only runtime.",MIT,Latest observed 2026-04-20; not published to npm at review.
OpenAgents collaboration OS,openagents-org/openagents,https://github.com/openagents-org/openagents,shared agent collaboration plane,recovered project list; attribution unresolved,WATCH,Reconsider only if GitHub Agent HQ plus the local session UI cannot support required shared-thread collaboration.,Apache-2.0,Active develop branch; latest observed 2026-07-14.
Parallel Code,johannesjo/parallel-code,https://github.com/johannesjo/parallel-code,coding-agent desktop control plane,recovered project list; attribution unresolved,WATCH,Retain as a simpler fallback if Agent Orchestrator fails; do not operate both control planes.,MIT,Active on macOS/Linux; latest observed 2026-07-17.
Mission Control,builderz-labs/mission-control,https://github.com/builderz-labs/mission-control,agent governance dashboard,recovered user-supplied batch,WATCH,Harvest completion-receipt and governance ideas; avoid an alpha control plane that duplicates AccentOS scope.,MIT,Explicitly alpha; latest observed 2026-07-17.
AgentField,Agent-Field/agentfield,https://github.com/Agent-Field/agentfield,distributed agent control plane,recovered user-supplied batch,WATCH,"Revisit at genuine production distributed-agent scale, not for the current repo family.",Apache-2.0,Release-candidate line v0.1.110-rc.4; latest observed 2026-07-17.
Agent Zero,agent0ai/agent-zero,https://github.com/agent0ai/agent-zero,desktop / autonomous agent,recovered user-supplied batch,PILOT,Run only in an isolated container or dedicated machine on a bounded low-risk workflow; no production credentials.,MIT,Active launcher v1.3 line; latest observed 2026-07-17.
Hermes Agent,NousResearch/hermes-agent,https://github.com/NousResearch/hermes-agent,personal / learning agent,recovered user-supplied batch,WATCH,Harvest learning-loop and skill-isolation patterns; avoid adding another very broad always-on runtime beside OpenClaw.,MIT,Very active; latest observed 2026-07-17.
OpenClaw,openclaw/openclaw,https://github.com/openclaw/openclaw,always-on personal/business agent,recovered user-supplied batch,PILOT,"Pilot one private channel with no production credentials, preferably inside the NemoClaw/OpenShell safety wrapper on a dedicated machine or VM.",MIT,Very active; latest observed 2026-07-17.
MetaGPT,FoundationAgents/MetaGPT,https://github.com/FoundationAgents/MetaGPT,multi-agent framework,recovered user-supplied batch,HARVEST,"Reuse role decomposition, artifacts, and evaluation ideas without adding a low-activity multi-agent runtime.",MIT,Low recent activity; latest observed 2026-01-21. Canonical destination of earlier geekan identity.
OpenManus,FoundationAgents/OpenManus,https://github.com/FoundationAgents/OpenManus,autonomous agent prototype,recovered user-supplied batch,DO NOT USE,Exclude the stale unstable prototype; stronger maintained choices cover the same capability.,MIT,Simple prototype with unstable flow; latest observed 2026-01-04.
Microsoft Agent Framework,microsoft/agent-framework,https://github.com/microsoft/agent-framework,agent application framework,recovered user-supplied batch,WATCH,Reconsider for a bounded pilot only if Azure/Foundry becomes the primary deployment environment.,MIT,Production-ready 1.0 line; latest observed 2026-07-17.
Google ADK,google/adk-python,https://github.com/google/adk-python,agent application framework,recovered user-supplied batch,WATCH,Track while ADK 2.0 settles; use only for a concrete Google deployment requirement.,Apache-2.0,Active bi-weekly cadence; latest observed 2026-07-17.
OpenAI Agents SDK,openai/openai-agents-python,https://github.com/openai/openai-agents-python,agent application SDK,recovered user-supplied batch,ADOPT NOW,Use as the default SDK only when a product feature actually requires an embedded agent service; keep permissions application-owned.,MIT,Active; latest observed 2026-07-17.
AIOS,agiresearch/AIOS,https://github.com/agiresearch/AIOS,research agent operating system,recovered user-supplied batch,HARVEST,"Study scheduler, kernel, and resource-governance concepts but copy no code until licensing is valid.",Root LICENSE file was empty at review,Research/prototype stack; latest observed 2026-06-22.
LangGraph,langchain-ai/langgraph,https://github.com/langchain-ai/langgraph,durable agent workflow runtime,recovered user-supplied batch,PILOT,"Pilot only when a real workflow requires durable graph state, checkpoints, and resumability beyond the default SDK.",MIT,Mature and active; latest observed 2026-07-15.
CrewAI,crewAIInc/crewAI,https://github.com/crewAIInc/crewAI,multi-agent framework,recovered user-supplied batch,WATCH,"Track, but avoid a second multi-agent abstraction until a measured production workflow warrants it.",MIT,Active v1.15.4 line; latest observed 2026-07-17.
AutoGen,microsoft/autogen,https://github.com/microsoft/autogen,multi-agent framework,recovered user-supplied batch,DO NOT USE,Do not start new work on an officially maintenance-mode framework when Microsoft Agent Framework supersedes it.,MIT code; CC BY 4.0 documentation,Official maintenance mode; latest observed 2026-04-06.
LangChain,langchain-ai/langchain,https://github.com/langchain-ai/langchain,LLM integration framework,recovered user-supplied batch,WATCH,Use only a narrow package for a required integration; do not make the broad framework the default architecture.,MIT,Active; latest observed 2026-07-17.
E2B,e2b-dev/E2B,https://github.com/e2b-dev/E2B,cloud agent sandbox,recovered user-supplied batch,PILOT,Evaluate as a metered sandbox provider only for tasks that need stronger isolation than local worktrees/containers.,Apache-2.0,Active; latest observed 2026-07-17.
Container Use,dagger/container-use,https://github.com/dagger/container-use,local agent sandbox,recovered user-supplied batch,PILOT,Test one higher-risk or dependency-heavy task after worktree-only orchestration is working.,Apache-2.0,Explicitly experimental; latest observed 2026-06-12.
LLM Council,karpathy/llm-council,https://github.com/karpathy/llm-council,multi-model evaluation pattern,explicitly user-supplied,HARVEST,"Reuse independent proposals, blinded peer review, and synthesis patterns; do not depend on unsupported unlicensed code.",No license found,Author describes it as unsupported/as-is; latest observed 2025-11-22.
CodeBurn,getagentseal/codeburn,https://github.com/getagentseal/codeburn,agent cost and usage analytics,recovered project mention,ADOPT NOW,"Run read-only to baseline cost, tokens, model/task performance, and shipped yield before enabling any optimizer changes.",MIT,Active desktop v0.9.16 line; latest observed 2026-07-17.
Anthropic Skills,anthropics/skills,https://github.com/anthropics/skills,official skill format / examples,recovered project mention,HARVEST,"Use as the canonical skill-shape reference and adopt only individually compatible, tested skills.",Mixed: many Apache-2.0; docx/pdf/pptx/xlsx have separate source-available terms,Active; latest observed 2026-07-17. License must be checked per directory.
Awesome Agent Skills,VoltAgent/awesome-agent-skills,https://github.com/VoltAgent/awesome-agent-skills,skill discovery catalog,recovered project mention,ADOPT NOW,"Use only as a read-only discovery source; every linked skill receives separate provenance, license, and executable review.",MIT for the index; linked projects vary,"Active catalog of 1,000+ skills; latest observed 2026-07-10."
Claude Skills collection,alirezarezvani/claude-skills,https://github.com/alirezarezvani/claude-skills,large skill pack,recovered project mention,PILOT,Review and trial only three to five named skills; never run the full global synchronization.,MIT at repository level,Highly active v2.9.0 line; latest observed 2026-07-17.
Awesome Claude Skills,travisvn/awesome-claude-skills,https://github.com/travisvn/awesome-claude-skills,skill discovery catalog,recovered project mention,WATCH,Keep as a secondary lead source; do not vendor or treat links as endorsements.,No repository license found; linked projects vary,Latest observed 2026-04-28; no releases.
Awesome OpenClaw Skills,VoltAgent/awesome-openclaw-skills,https://github.com/VoltAgent/awesome-openclaw-skills,skill discovery catalog,recovered user-supplied batch,DO NOT USE,Do not use as an install source; at most harvest capability categories because listed skills are not security-audited.,MIT for the index; linked projects vary,"Active index of roughly 5,300+ skills; latest observed 2026-07-16."
Awesome DESIGN.md,VoltAgent/awesome-design-md,https://github.com/VoltAgent/awesome-design-md,design-system pattern catalog,recovered user-supplied batch,HARVEST,Use its structure for a durable DESIGN.md while avoiding copied brand identities and assets.,MIT for repository content; referenced brand rights remain separate,Active; latest observed 2026-06-16.
Obsidian Skills,kepano/obsidian-skills,https://github.com/kepano/obsidian-skills,knowledge-vault skills,recovered user-supplied batch,ADOPT NOW,"Pin and enable Markdown, Bases, and Canvas skills selectively; keep CLI/Defuddle optional.",MIT,Latest observed 2026-06-08.
Google Workspace CLI,googleworkspace/cli,https://github.com/googleworkspace/cli,workspace automation CLI,recovered user-supplied batch,PILOT,Use a test identity and least-privilege read-only OAuth to prove value beyond existing connectors before permitting writes.,Apache-2.0,"Pre-1.0 and not an officially supported Google product; v0.22.5, latest observed 2026-03-31."
Firecrawl,firecrawl/firecrawl,https://github.com/firecrawl/firecrawl,web extraction / crawling,recovered user-supplied batch,PILOT,Test only after a recurring retrieval gap is measured; prefer hosted bounded use over self-hosting the multi-service stack.,AGPL-3.0 server; hosted/commercial capabilities have separate terms,Very active v2.11.0 line; latest observed 2026-07-17.
agent-browser,vercel-labs/agent-browser,https://github.com/vercel-labs/agent-browser,agent browser automation,recovered user-supplied batch,PILOT,"Compare two public/local flows against Playwright on reliability, tokens, evidence, and maintenance; keep Playwright for durable tests.",Apache-2.0,Fast-moving pre-1.0 v0.32.1; latest observed 2026-07-16.
RAG-Anything,HKUDS/RAG-Anything,https://github.com/HKUDS/RAG-Anything,multimodal RAG / knowledge graph,recovered user-supplied batch,WATCH,Revisit only after simpler Docling plus search fails a measured retrieval benchmark.,MIT,Active v1.3.1 line; latest observed 2026-07-09.
llmfit,AlexsJones/llmfit,https://github.com/AlexsJones/llmfit,local model selection,recovered user-supplied batch,WATCH,Pilot only after available hardware and a concrete privacy/offline task are documented.,MIT,Very active v1.1.3; latest observed 2026-07-17.
CLI-Anything,HKUDS/CLI-Anything,https://github.com/HKUDS/CLI-Anything,CLI generation harness,recovered user-supplied batch,PILOT,Apply the seven-phase method to one sandboxed reversible unsupported-app workflow; never import all community harnesses.,Apache-2.0,Active v0.4.0; latest observed 2026-07-09.
Docling,docling-project/docling,https://github.com/docling-project/docling,local document ingestion,recovered user-supplied batch,ADOPT NOW,"Use as the version-pinned sandboxed canonical local parser; store reviewed derived knowledge, not raw sensitive corpora, in shared repos.",MIT code; downloaded models/assets may have separate terms,Very active v2.113.0; latest observed 2026-07-17.
Unstructured,Unstructured-IO/unstructured,https://github.com/Unstructured-IO/unstructured,document ETL / ingestion,recovered user-supplied batch,WATCH,Retain as a fallback for a format or connector Docling cannot satisfy; do not run two equal canonical parsers.,Apache-2.0,Active v0.24.1; latest observed 2026-07-15.
Gemini CLI,google-gemini/gemini-cli,https://github.com/google-gemini/gemini-cli,coding agent CLI,recovered user-supplied batch,WATCH,"Keep catalogued for enterprise or migration needs, but do not select for consumer use after individual-tier serving ended; evaluate Antigravity CLI instead.",Apache-2.0,"Repo remained active at review, but Google officially ended individual-tier serving on 2026-06-18 and directs users to Antigravity CLI."
Obsidian Local REST API,coddingtonbear/obsidian-local-rest-api,https://github.com/coddingtonbear/obsidian-local-rest-api,knowledge-vault API bridge,explicitly user-supplied,PILOT,"Run read-first against a copied vault, loopback HTTPS only, with allowlisted endpoints and secrets outside repos/logs.",MIT,Active v4.1.7; latest observed 2026-07-15.
Langfuse,langfuse/langfuse,https://github.com/langfuse/langfuse,LLM observability,recovered user-supplied batch,WATCH,Revisit only when a production-like LLM workflow has measured trace requirements; do not deploy alongside Phoenix by default.,MIT core; enterprise tree has separate terms,Very active v3.221.1; latest observed 2026-07-17.
Phoenix,Arize-ai/phoenix,https://github.com/Arize-ai/phoenix,LLM observability and evaluation,recovered user-supplied batch,PILOT,Use synthetic data for the first bounded observability trial when a named LLM workflow needs traces or experiments.,Elastic License 2.0 with patent/IP notices,Very active v18.1.0; latest observed 2026-07-17.
Promptfoo,promptfoo/promptfoo,https://github.com/promptfoo/promptfoo,prompt / skill / agent evaluation,recovered user-supplied batch,ADOPT NOW,"Use pinned repo-native activation, regression, negative, injection, and budgeted provider tests as the toolkit promotion gate.",MIT,Active v0.121.19; latest observed 2026-07-17.
Letta V1 server,letta-ai/letta,https://github.com/letta-ai/letta,stateful agent memory server,recovered user-supplied batch,DO NOT USE,Do not build on the legacy server; watch the current SDK only if a product workflow truly needs stateful agents.,Apache-2.0 for this repository,"Legacy V1 direction; active development moved elsewhere, latest observed 2026-07-03."
Mem0,mem0ai/mem0,https://github.com/mem0ai/mem0,agent memory layer,recovered user-supplied batch,WATCH,"Harvest its memory-evaluation approach; require consent, deletion, isolation, and benchmark proof before any future pilot.",Apache-2.0,Highly active; latest observed 2026-07-17; managed benchmarks include proprietary optimizations.
Microsoft GraphRAG,microsoft/graphrag,https://github.com/microsoft/graphrag,graph retrieval pipeline,recovered user-supplied project mention,PILOT,Benchmark one answer-scored bounded corpus against simpler hybrid retrieval; adopt only if quality justifies indexing cost.,MIT,Active v3.1.0; latest observed 2026-07-17; README frames it as a demonstration rather than supported product.
OpenMetadata,open-metadata/OpenMetadata,https://github.com/open-metadata/OpenMetadata,data catalog / governance,recovered user-supplied project mention,HARVEST,"Reuse glossary, metric, ownership, lineage, quality, and connector metadata; deploy only when manual governance demonstrably fails.",Apache-2.0,Highly active v1.13.1; latest observed 2026-07-17; heavy local/production footprint.
Repomix,yamadashy/repomix,https://github.com/yamadashy/repomix,repository context packaging,recovered project mention,ADOPT NOW,Use local allowlisted exports with built-in checks plus Gitleaks on the final bundle; prohibit online upload for sensitive repos.,MIT,Active v1.16.1; latest observed 2026-07-15.
Gitleaks,gitleaks/gitleaks,https://github.com/gitleaks/gitleaks,secret scanning,recovered project mention,ADOPT NOW,Pin a checksum-verified version as the baseline local artifact/repo scanner while preparing a measured Betterleaks comparison.,MIT,"Feature-complete/security-fixes-only; v8.30.1, latest observed 2026-07-01."
actionlint,rhysd/actionlint,https://github.com/rhysd/actionlint,GitHub Actions static analysis,recovered project mention,ADOPT NOW,Enable conditionally wherever Actions YAML exists; do not add workflows merely to use the linter.,MIT,Active v1.7.12; latest observed 2026-04-19.
Playwright,microsoft/playwright,https://github.com/microsoft/playwright,browser test framework,recovered project mention,ADOPT NOW,Use as the canonical checked-in browser regression and evidence framework; keep credentials out of traces.,Apache-2.0,Highly active v1.61.1; latest observed 2026-07-17.
Beads,gastownhall/beads,https://github.com/gastownhall/beads,agent task graph / memory,recovered project mention,DO NOT USE,"Do not introduce a second task, claim, and memory authority into AccentOS; harvest atomic-claim and dependency-ready ideas only.",MIT,Active v1.1.0; latest observed 2026-07-17. steveyegge/beads redirects here.
Activepieces,activepieces/activepieces,https://github.com/activepieces/activepieces,business workflow automation,recovered user-supplied batch,PILOT,"Trial one low-risk intake-to-notification workflow in a sandbox and prefer one Zapier-style platform, not several.",MIT core; enterprise subtrees have separate terms,Active at 2026-07-17 snapshot.
n8n,n8n-io/n8n,https://github.com/n8n-io/n8n,business workflow automation,recovered user-supplied batch,WATCH,Keep as the fallback only when a required connector is materially stronger than Activepieces; do not vendor or run both by default.,Sustainable Use / fair-code terms with enterprise exceptions,Active at 2026-07-17 snapshot.
Temporal,temporalio/temporal,https://github.com/temporalio/temporal,durable workflow runtime,explicitly user-supplied,HARVEST,"Adopt workflow history, idempotency, retries, and compensation patterns now; deploy only after simpler queues fail on long workflows.",MIT,Active at 2026-07-17 snapshot.
Apache Airflow,apache/airflow,https://github.com/apache/airflow,batch workflow orchestration,recovered user-supplied batch,WATCH,Use only when recurring batch operations become a dedicated platform with an operator.,Apache-2.0,Mature and active at 2026-07-17 snapshot.
Dagster,dagster-io/dagster,https://github.com/dagster-io/dagster,data asset orchestration,recovered user-supplied project mention,PILOT,Trigger a trial after at least three production data sources create recurring ingestion and lineage pain.,Apache-2.0,Active at 2026-07-17 snapshot.
Prefect,PrefectHQ/prefect,https://github.com/PrefectHQ/prefect,Python workflow orchestration,recovered user-supplied project mention,WATCH,Use as Dagster's alternative only if actual Python flow ergonomics matter more than asset lineage.,Apache-2.0,Active at 2026-07-17 snapshot.
BullMQ,taskforcesh/bullmq,https://github.com/taskforcesh/bullmq,Node.js distributed queue,recovered user-supplied project mention,PILOT,Use only after a concrete short/medium asynchronous-job need appears and Redis overhead is justified.,MIT,Active at 2026-07-17 snapshot.
Trigger.dev,triggerdotdev/trigger.dev,https://github.com/triggerdotdev/trigger.dev,TypeScript durable task platform,recovered user-supplied project mention,PILOT,"Trial one non-critical long-running job with retries, observability, and human approval; compare with provider-native jobs.",Apache-2.0,Active at 2026-07-17 snapshot.
Windmill,windmill-labs/windmill,https://github.com/windmill-labs/windmill,internal tools / workflow platform,recovered user-supplied project mention,WATCH,Revisit only when a real internal-tools backlog emerges; avoid a hidden second application platform.,Mixed AGPL / Apache-2.0 / proprietary areas,Active at 2026-07-17 snapshot.
DBOS Python SDK,dbos-inc/dbos-transact-py,https://github.com/dbos-inc/dbos-transact-py,embedded durable workflow SDK,recovered project list; exact original link unresolved,HARVEST,Study Postgres-backed durable execution; do not force Python into a TypeScript system.,MIT,Active; latest observed 2026-07-16.
Backstage,backstage/backstage,https://github.com/backstage/backstage,developer portal / software catalog,recovered user-supplied project mention,HARVEST,"Reuse ownership, component, dependency, and lifecycle metadata concepts in the registry; do not deploy the portal now.",Apache-2.0,Active at 2026-07-17 snapshot.
Neo4j,neo4j/neo4j,https://github.com/neo4j/neo4j,graph database,recovered user-supplied project mention,HARVEST,Model entities and relationships in Postgres first; add a graph runtime only after measured traversal limits.,GPL-3.0 community / commercial enterprise terms,Active at 2026-07-17 snapshot.
Medusa,medusajs/medusa,https://github.com/medusajs/medusa,commerce platform / domain reference,recovered user-supplied batch,HARVEST,"Reuse product, order, customer, connector, and event-model ideas; keep AccentOS above commerce systems.",MIT,Active at 2026-07-17 snapshot.
Saleor,saleor/saleor,https://github.com/saleor/saleor,commerce platform / domain reference,recovered user-supplied batch,HARVEST,"Study GraphQL schemas, APIs, and event boundaries without adopting the runtime.",BSD-3-Clause,Active at 2026-07-17 snapshot.
ERPNext,frappe/erpnext,https://github.com/frappe/erpnext,ERP / domain reference,recovered user-supplied batch,HARVEST,"Use purchasing, inventory, accounting, and vendor terminology; avoid GPL code incorporation without review.",GPL-3.0,Active at 2026-07-17 snapshot.
Odoo,odoo/odoo,https://github.com/odoo/odoo,ERP / domain reference,recovered user-supplied batch,HARVEST,Study module boundaries and integration contracts; do not duplicate or fork ERP workflows.,LGPL-3.0 community; broader commercial ecosystem,Active 19.0 line at 2026-07-17 snapshot.
Apache OFBiz,apache/ofbiz-framework,https://github.com/apache/ofbiz-framework,enterprise automation / domain reference,recovered user-supplied project mention,HARVEST,"Mine canonical entities, service boundaries, and fixtures; no runtime adoption.",Apache-2.0,Active trunk at 2026-07-17 snapshot.
Twenty,twentyhq/twenty,https://github.com/twentyhq/twenty,CRM / domain reference,recovered user-supplied batch,HARVEST,Study relationship UX and extensible object modeling while keeping code and license boundaries explicit.,Primarily AGPL-3.0 with enterprise areas,Active at 2026-07-17 snapshot.
Frappe CRM,frappe/crm,https://github.com/frappe/crm,CRM / domain reference,recovered user-supplied batch,HARVEST,"Mine CRM vocabulary, timelines, and activity models; integrate with CRM systems rather than replace them.",AGPL-3.0,Active at 2026-07-17 snapshot.
Mautic,mautic/mautic,https://github.com/mautic/mautic,marketing automation / domain reference,recovered user-supplied batch,HARVEST,"Reuse event, touch, and campaign semantics; do not ship GPL code in proprietary products without review.",GPL-family,Active 7.x line at 2026-07-17 snapshot.
PostHog,PostHog/posthog,https://github.com/PostHog/posthog,product analytics / observability,recovered user-supplied batch,PILOT,"After defining a privacy-minimized event taxonomy, measure feature adoption and workflow completion without sensitive business payloads.",MIT core; enterprise code has separate terms,Active at 2026-07-17 snapshot.
Plausible Analytics,plausible/analytics,https://github.com/plausible/analytics,privacy web analytics,recovered user-supplied batch,WATCH,Prefer only when simple privacy-first traffic is the sole need; otherwise it duplicates the PostHog pilot.,AGPL-3.0,Active at 2026-07-17 snapshot.
Matomo,matomo-org/matomo,https://github.com/matomo-org/matomo,web analytics,recovered user-supplied batch,WATCH,Do not add while PostHog or Plausible cover the likely choices.,GPL-3.0,Active 5.x development line at 2026-07-17 snapshot.
Metabase,metabase/metabase,https://github.com/metabase/metabase,business intelligence,recovered user-supplied batch,WATCH,Use temporarily only if internal SQL exploration becomes a bottleneck; never substitute it for product UX.,AGPL core; commercial enterprise terms,Active at 2026-07-17 snapshot.
Apache Superset,apache/superset,https://github.com/apache/superset,business intelligence,recovered user-supplied batch,WATCH,"Re-evaluate for a dedicated analyst population or governed warehouse, not the current MVP.",Apache-2.0,Active at 2026-07-17 snapshot.
Redash,getredash/redash,https://github.com/getredash/redash,business intelligence,recovered user-supplied batch,WATCH,Keep catalogued; do not introduce a third BI runtime without a clear edge.,BSD-family; verify exact file before vendoring,Active at 2026-07-17 snapshot.
Grafana,grafana/grafana,https://github.com/grafana/grafana,engineering observability,recovered user-supplied batch,PILOT,Pilot only when multiple services/jobs create actionable engineering telemetry and alerts; keep separate from business UX.,AGPL-3.0,Active at 2026-07-17 snapshot.
Cal.com community repo,calcom/cal.diy,https://github.com/calcom/cal.diy,scheduling platform / domain reference,recovered user-supplied batch,DO NOT USE,Do not base production scheduling on a repository that explicitly warns it is personal/non-production; harvest concepts only.,MIT,Current destination of former calcom/cal.com community repo; active but carries personal/non-production warning.
Maybe Finance,maybe-finance/maybe,https://github.com/maybe-finance/maybe,personal finance app / domain reference,recovered user-supplied batch,DO NOT USE,Do not start new work on an archived upstream; retain only as an exact UI/domain reference.,AGPL-3.0,Archived and unmaintained at 2026-07-17 snapshot.
Awesome Selfhosted,awesome-selfhosted/awesome-selfhosted,https://github.com/awesome-selfhosted/awesome-selfhosted,software discovery catalog,research-discovered portfolio comparison,HARVEST,"Use as a discovery source only; inclusion is never a security, license, or architecture approval.",CC-BY-SA-3.0 for catalog content; linked projects vary,Active discovery catalog at 2026-07-17 snapshot.
Godmother,Unresolved product/repository: Godmother,,unresolved identity,project-list; attribution unresolved,UNRESOLVED,"Quarantine until the original link or screenshot establishes identity, owner, license, and maintenance.",Unknown,"No defensible public coding-agent, skill, or orchestration mapping found."
JCode,1jehuang/jcode,https://github.com/1jehuang/jcode,coding-agent harness,project-list; attribution unresolved,PILOT,"Benchmark one isolated repository task on success, review defects, latency, and total model cost.",MIT,"High-confidence identity; active, latest observed 2026-07-17."
OpenSpec,Fission-AI/OpenSpec,https://github.com/Fission-AI/OpenSpec,artifact-guided spec workflow,project-list; attribution unresolved,ADOPT NOW,Use lightweight spec artifacts inside existing issue/branch/PR flow and forbid a separate backlog.,MIT,"Confirmed/high-confidence identity; active, latest observed 2026-07-17."
OpenSpace,HKUDS/OpenSpace,https://github.com/HKUDS/OpenSpace,cross-agent skill hub,project-list; attribution unresolved,PILOT,"Test as a read-only publication, validation, and discovery layer with Git remaining the editable source.",MIT,"Confirmed/high-confidence identity; active, latest observed 2026-07-17."
Graphify,Graphify-Labs/graphify,https://github.com/Graphify-Labs/graphify,knowledge graph skill / CLI,project-list; attribution unresolved,PILOT,Index one codebase and sanitized vault subset; retain only if retrieval accuracy and decision speed improve enough.,MIT,Active v8 branch; latest observed 2026-07-17. safishamsi/graphify redirects here.
CLI Printing Press,mvanhorn/cli-printing-press,https://github.com/mvanhorn/cli-printing-press,CLI / MCP generator,project-list; attribution unresolved,PILOT,"Generate one non-critical adapter and require deterministic tests, compact-output measures, attribution, and a pinned generator.",MIT,Confirmed; latest observed 2026-07-16.
Knowledge Work Plugins,anthropics/knowledge-work-plugins,https://github.com/anthropics/knowledge-work-plugins,role-oriented skill/plugin pack,project-list; attribution unresolved,HARVEST,Curate only role skills tied to real work; avoid installing the entire enterprise-process collection.,Apache-2.0,Confirmed and active; latest observed 2026-07-17.
Vibe Kanban,BloopAI/vibe-kanban,https://github.com/BloopAI/vibe-kanban,coding-agent task board,project-list; attribution unresolved,DO NOT USE,Do not build on a shut-down vendor's task system when GitHub already owns work state.,Apache-2.0,Vendor shut down 2026-04-10; community local repo remains and remote services were removed.
Agent Kanban,saltbo/agent-kanban,https://github.com/saltbo/agent-kanban,agent task board / identity control,project-list; attribution unresolved,WATCH,Reconsider after license conversion/legal approval and only if GitHub plus the selected session UI cannot manage dispatch.,FSL-1.1-ALv2 now; scheduled future Apache-2.0,Active; latest observed 2026-07-17.
clideck,rustykuntz/clideck,https://github.com/rustykuntz/clideck,browser/mobile session dashboard,project-list; attribution unresolved,WATCH,Keep as a mutually exclusive fallback if terminal-first Agent Deck is insufficient.,MIT,Active; latest observed 2026-07-13.
Nimbalyst,nimbalyst/nimbalyst,https://github.com/nimbalyst/nimbalyst,visual agent workspace,project-list; attribution unresolved,DO NOT USE,"Exclude its broad workspace, kanban, document, and collaboration duplication of governed systems.",MIT,Active v0.69.1; latest observed 2026-07-15.
GitHub Agent HQ,GitHub Agent HQ product,https://github.blog/news-insights/company-news/welcome-home-agents/,hosted agent mission-control product,project-list; attribution unresolved,PILOT,Use for remote PR-bounded work while keeping all durable state and evidence exportable in repositories.,Proprietary GitHub/Copilot service terms,No standalone repository; Claude and Codex public preview announced 2026-02-04.
AgentMemory,rohitg00/agentmemory,https://github.com/rohitg00/agentmemory,cross-agent memory,project-list; attribution unresolved,HARVEST,"Reuse retrieval, ranking, and deduplication ideas in the governed knowledge pipeline rather than add another memory authority.",Apache-2.0,High-confidence identity; latest observed 2026-06-28.
Agent Deck,asheshgoplani/agent-deck,https://github.com/asheshgoplani/agent-deck,terminal multi-session control plane,project-list; attribution unresolved,PILOT,"Trial as the sole local multi-session UI across two projects and measure recovery, worktree safety, time, and cost visibility.",MIT,High-confidence canonical identity; latest observed 2026-07-12.
CCManager,kbwo/ccmanager,https://github.com/kbwo/ccmanager,terminal multi-session control plane,project-list; attribution unresolved,WATCH,Keep as the mutually exclusive fallback if Agent Deck fails hook reliability or cross-agent coverage.,MIT,Active v4.2.1; latest observed 2026-07-11.
JamJet,jamjet-labs/jamjet,https://github.com/jamjet-labs/jamjet,agent action control plane,project-list; attribution unresolved,PILOT,"Evaluate as the single policy, approval, cost-cap, audit, and replay plane on one non-production workflow.",Apache-2.0,Active; latest observed 2026-07-11.
Cordum,cordum-io/cordum,https://github.com/cordum-io/cordum,agent governance control plane,project-list; attribution unresolved,DO NOT USE,Exclude the broad duplicative control plane and its licensing/operational overhead.,BSL-1.1 with competitive-use restriction; converts to Apache-2.0 on 2029-01-01,Active; latest observed 2026-07-13.
SentinelGate,Sentinel-Gate/Sentinelgate,https://github.com/Sentinel-Gate/Sentinelgate,MCP policy gateway,project-list; attribution unresolved,WATCH,Reconsider only if deterministic CEL/RBAC needs exceed the selected control plane and AGPL/commercial terms are approved.,AGPL-3.0; commercial license offered,Latest visible commit 2026-04-20; v2.1.4 released 2026-04-16.
AgentGate,yoned0609/AgentGate,https://github.com/yoned0609/AgentGate,JIT SaaS/MCP authorization proxy,project-list; attribution unresolved,WATCH,Activate only when a concrete SaaS integration needs intent-scoped credentials that the primary control plane cannot supply.,MIT,High-confidence identity; latest observed 2026-04-11.
Faramesh,faramesh/faramesh-core,https://github.com/faramesh/faramesh-core,tool-call policy daemon,project-list; attribution unresolved,HARVEST,"Adapt declarative permit/defer/deny, fail-closed, and hash-chained audit patterns without another policy daemon.",Apache-2.0,Confirmed; latest observed 2026-06-27.
Pipelock,luckyPipewrench/pipelock,https://github.com/luckyPipewrench/pipelock,AI egress / MCP security proxy,project-list; attribution unresolved,PILOT,"Place the open core at one boundary and measure secret/SSRF/injection blocking, false positives, and latency.",Apache-2.0 core; enterprise modules under ELv2,Active v3.2.0; latest observed 2026-07-17.
AIR Blackbox,airblackbox/air-blackbox-mcp,https://github.com/airblackbox/air-blackbox-mcp,AI compliance scanner,project-list; attribution unresolved,WATCH,Use only when a named customer or jurisdiction creates a concrete compliance evidence requirement.,Apache-2.0,Active; latest observed 2026-07-14.
Nucleus,eidetic-works/nucleus-mcp,https://github.com/eidetic-works/nucleus-mcp,portable decision memory / governance,project-list; attribution unresolved,HARVEST,"Adapt decision, correction, verification, and audit-record patterns into the existing knowledge vault rather than a second .brain authority.",MIT,High-confidence identity; latest observed 2026-07-02.
DBOS SDK family,DBOS durable-workflow product family,https://www.dbos.dev/,embedded durable workflow SDK family,project-list; exact original link unresolved,PILOT,Confirm the original linked language; prefer one TypeScript pilot for the current stack and keep the product row unresolved until then.,MIT for official TS and Python SDKs,"Product is confirmed, but the exact original repository link was not recovered."
DBOS TypeScript SDK,dbos-inc/dbos-transact-ts,https://github.com/dbos-inc/dbos-transact-ts,embedded durable workflow SDK,research-resolved member of unresolved DBOS family,PILOT,Implement one Postgres-backed durable workflow only if a real TypeScript service needs crash recovery and resumability.,MIT,Active; latest observed 2026-07-16.
mini-SWE-agent,SWE-agent/mini-swe-agent,https://github.com/SWE-agent/mini-swe-agent,minimal research coding agent,successor discovered during research,WATCH,Evaluate separately only if a small inspectable benchmark runner is needed; it is the upstream successor to SWE-agent.,MIT,Active successor; source notes identify it as superseding SWE-agent.
Antigravity CLI,google-antigravity/antigravity-cli,https://github.com/google-antigravity/antigravity-cli,coding agent CLI,successor discovered during research,PILOT,Run a bounded consumer-use trial as the official successor lane after Gemini CLI individual-tier serving ended.,Google product terms and privacy terms; no OSS license was visible in the reviewed repo page,Official successor; release 1.1.2 observed 2026-07-13. Interaction-data collection is opt-out.
OpenHands Software Agent SDK,OpenHands/software-agent-sdk,https://github.com/OpenHands/software-agent-sdk,coding-agent SDK,successor discovered during research,WATCH,Track the modular SDK separately from the legacy umbrella and evaluate only for an OpenHands-specific product requirement.,MIT,Active source destination for the OpenHands agent/server; v1.23.1 observed 2026-05-25.
OpenHands Agent Canvas,OpenHands/agent-canvas,https://github.com/OpenHands/agent-canvas,coding-agent control plane,successor discovered during research,WATCH,Track the beta canvas transition; do not add another control plane unless the selected one fails remote/always-on requirements.,MIT,"Beta, best-effort support; source moved from the umbrella repo."
Betterleaks,betterleaks/betterleaks,https://github.com/betterleaks/betterleaks,secret scanning,successor discovered during research,PILOT,"Compare against pinned Gitleaks on representative repositories for detection, false positives, runtime, and rule stability before migration.",MIT,Active successor from the Gitleaks maintainers; v1.6.1 observed 2026-06-30.
Current Letta Agent SDK,Letta Agent SDK product direction,https://www.letta.com/,stateful agent SDK,successor product discovered during research,WATCH,Revisit only if a future product workflow explicitly requires long-lived stateful agents and the exact current repo/terms are verified.,Exact repository and terms not established in source notes,Active development moved away from letta-ai/letta V1; canonical current repo was not established.
Cline Kanban,cline/kanban,https://github.com/cline/kanban,coding-agent worktree UI,identity collision discovered during research,WATCH,"Treat as a separate research-preview worktree UI, not as saltbo/agent-kanban; reconsider only for a Cline-specific need.",Apache-2.0,Separate research-preview product; current activity not independently normalized.
Personal Agent HQ dashboard,mkanasani/agent-hq,https://github.com/mkanasani/agent-hq,agent dashboard,false-friend identity discovered during research,DO NOT USE,Do not substitute this unrelated personal dashboard for GitHub Agent HQ in architecture or installation decisions.,No visible license file in source notes,Unrelated repo; last commit noted 2026-04-19.
Physical AgentDeck,puritysb/AgentDeck,https://github.com/puritysb/AgentDeck,hardware / multi-surface controller,false-friend identity discovered during research,DO NOT USE,Do not map this physical Stream Deck/display controller to the intended terminal Agent Deck candidate.,Not verified in source notes,Separate product identity; not evaluated as a standalone candidate.
Rust agentdeck TUI,alexander-matthew/agentdeck,https://github.com/alexander-matthew/agentdeck,terminal multi-session UI,false-friend identity discovered during research,DO NOT USE,Do not substitute this smaller Rust split-pane TUI for the canonical intended Agent Deck without a separate evaluation.,Not verified in source notes,Separate repo identity; not evaluated as the intended candidate.
Agent Deck attribution fork,mvanhorn/agent-deck,https://github.com/mvanhorn/agent-deck,terminal multi-session UI fork,false-friend identity discovered during research,DO NOT USE,Do not replace the canonical asheshgoplani owner with a repo carrying upstream attribution.,Not verified in source notes,Non-canonical identity for this inventory.
Legacy OpenAgents research platform,xlang-ai/OpenAgents,https://github.com/xlang-ai/OpenAgents,research agent platform,false-friend identity discovered during research,DO NOT USE,Do not confuse the COLM 2024 research/demo platform with the current openagents-org collaboration OS.,Not verified in source notes,Legacy namesake; last committed in 2024.
NucleusIQ,nucleusbox/NucleusIQ,https://github.com/nucleusbox/NucleusIQ,agent framework,false-friend identity discovered during research,DO NOT USE,Do not map this separate framework to the intended Nucleus decision-memory/MCP product.,Not verified in source notes,Collision-prone separate product; not evaluated as the intended candidate.
Nucleus Security MCP,Nucleus Security hosted MCP product,,commercial security integration,false-friend identity discovered during research,UNRESOLVED,Keep separate from eidetic-works/nucleus-mcp; obtain the original link and terms before any evaluation.,Commercial/proprietary terms not captured,Named only to prevent identity collision; no canonical URL captured in source notes.
NemoClaw,NVIDIA/NemoClaw,https://github.com/NVIDIA/NemoClaw,OpenClaw sandbox/reference stack,explicit prior user mention,PILOT,"Use as the preferred safety wrapper for the bounded OpenClaw pilot; verify policies, egress, credentials, resource use, and rollback before any expansion.",Apache-2.0,Alpha early preview since 2026-03-16; not production-ready and interfaces may change. Runs OpenClaw inside NVIDIA OpenShell.
autoresearch,karpathy/autoresearch,https://github.com/karpathy/autoresearch,agent research automation,User explicitly requested everything from karpathy,PILOT,Adapt its fixed-budget keep-or-discard experiment loop to improve prompts and skills against a stable eval suite; do not make autonomous production changes.,MIT stated in README,"Active; latest repository commit 2026-03-26. GPU training implementation is reference material, not an Agent Stack runtime dependency."
nanoGPT,karpathy/nanoGPT,https://github.com/karpathy/nanoGPT,LLM training,User explicitly requested everything from karpathy,DO NOT USE,The maintainer explicitly deprecates it in favor of nanochat; retain only as historical context.,MIT,Deprecated by maintainer; latest repository commit 2025-11-12.
nanochat,karpathy/nanochat,https://github.com/karpathy/nanochat,LLM training and evaluation,User explicitly requested everything from karpathy,HARVEST,"Reuse the complete-but-small lifecycle pattern, one complexity dial, fixed benchmarks, cost reporting, and leaderboard discipline in Agent Stack evals.",MIT,Active; latest repository commit 2026-07-03. Not needed as a production AccentOS dependency.
LLM101n,karpathy/LLM101n,https://github.com/karpathy/LLM101n,LLM education,User explicitly requested everything from karpathy,DO NOT USE,The course was never completed and the repository is explicitly archived.,No explicit repository-wide license detected,Archived; latest repository commit 2024-08-01.
llm.c,karpathy/llm.c,https://github.com/karpathy/llm.c,minimal LLM training,User explicitly requested everything from karpathy,HARVEST,"Steal the tiny reference implementation, parity-test, checkpoint, and auditable-baseline philosophy for critical Agent Stack workflows.",MIT,Maintained as reference code; latest repository commit 2025-05-10. No current AccentOS runtime need.
minGPT,karpathy/minGPT,https://github.com/karpathy/minGPT,LLM education,User explicitly requested everything from karpathy,DO NOT USE,It is semi-archived and superseded first by nanoGPT and now nanochat.,MIT,Semi-archived by maintainer; latest repository commit 2023-01-08.
nn-zero-to-hero,karpathy/nn-zero-to-hero,https://github.com/karpathy/nn-zero-to-hero,AI education,User explicitly requested everything from karpathy,HARVEST,"Use its executable-notebook curriculum and exercises as optional internal AI literacy material, never as application code.",MIT,Stable educational material; latest repository commit 2024-02-20.
llama2.c,karpathy/llama2.c,https://github.com/karpathy/llama2.c,minimal LLM inference,User explicitly requested everything from karpathy,WATCH,Keep as a minimal inference reference only if local model work becomes strategic; current product work does not need it.,MIT,Stable educational reference; latest repository commit 2024-05-29.
micrograd,karpathy/micrograd,https://github.com/karpathy/micrograd,AI education,User explicitly requested everything from karpathy,HARVEST,Reuse the tiny-core plus reference-oracle tests pattern when building auditable utilities and skill scripts.,MIT,Stable educational reference; latest repository commit 2020-04-18.
char-rnn,karpathy/char-rnn,https://github.com/karpathy/char-rnn,legacy neural network,User explicitly requested everything from karpathy,DO NOT USE,Obsolete Torch-era training code has no direct fit and lacks a clear repository-wide license.,No explicit repository-wide license detected,Legacy; latest repository commit 2016-04-30.
convnetjs,karpathy/convnetjs,https://github.com/karpathy/convnetjs,legacy browser ML,User explicitly requested everything from karpathy,DO NOT USE,Interesting history but obsolete as a dependency for current agent and business systems.,MIT,Legacy; latest repository commit 2016-11-25.
minbpe,karpathy/minbpe,https://github.com/karpathy/minbpe,tokenization education,User explicitly requested everything from karpathy,HARVEST,Keep as the readable tokenizer reference and use its small testable implementation style; use mature tokenization libraries in production.,MIT,Stable educational reference; latest repository commit 2024-04-22.
arxiv-sanity-preserver,karpathy/arxiv-sanity-preserver,https://github.com/karpathy/arxiv-sanity-preserver,research discovery,User explicitly requested everything from karpathy,DO NOT USE,The maintainer points users to the lighter arxiv-sanity-lite rewrite.,No explicit repository-wide license detected,Superseded; latest repository commit 2021-11-27.
neuraltalk2,karpathy/neuraltalk2,https://github.com/karpathy/neuraltalk2,legacy image captioning,User explicitly requested everything from karpathy,DO NOT USE,Obsolete Torch/Lua image-captioning stack and no fit to current products.,BSD stated in README; variant unspecified,Legacy; latest repository commit 2016-09-23.
neuraltalk,karpathy/neuraltalk,https://github.com/karpathy/neuraltalk,legacy image captioning,User explicitly requested everything from karpathy,DO NOT USE,Explicitly deprecated predecessor with no current product fit.,No explicit repository-wide license detected,Deprecated; latest repository commit 2015-11-20.
build-nanogpt,karpathy/build-nanogpt,https://github.com/karpathy/build-nanogpt,AI education,User explicitly requested everything from karpathy,HARVEST,Adopt the clean-commit-history teaching pattern for future Agent Stack tutorials and migration examples.,MIT stated in README,Stable educational material; latest repository commit 2024-06-17.
ng-video-lecture,karpathy/ng-video-lecture,https://github.com/karpathy/ng-video-lecture,AI education,User explicitly requested everything from karpathy,WATCH,Optional learning reference only; build-nanogpt and nanochat are more useful starting points.,MIT stated in README,Educational snapshot; latest repository commit 2023-02-07.
makemore,karpathy/makemore,https://github.com/karpathy/makemore,AI education,User explicitly requested everything from karpathy,WATCH,Useful one-file progression for training but not a product dependency or current agent capability.,MIT stated in README,Educational snapshot; latest repository commit 2022-11-20.
reader3,karpathy/reader3,https://github.com/karpathy/reader3,LLM-assisted reading,User explicitly requested everything from karpathy,HARVEST,"Apply its chapter-at-a-time human-guided reading loop to book, manual, and policy ingestion into the Obsidian knowledge vault.",MIT stated in README,"Unsupported prototype; latest repository commit 2025-11-18. Use the workflow, not the app as a platform."
rendergit,karpathy/rendergit,https://github.com/karpathy/rendergit,repository context packaging,User explicitly requested everything from karpathy,PILOT,"Benchmark its dual human/LLM flattened repository view against Repomix on review quality, context size, secret exclusion, and mobile usability.",0BSD stated in README,Useful small utility; latest repository commit 2025-08-21. Maintainer does not promise support.
cryptos,karpathy/cryptos,https://github.com/karpathy/cryptos,cryptography education,User explicitly requested everything from karpathy,DO NOT USE,The maintainer explicitly says it is educational and not production cryptography; it is outside current scope.,MIT stated in README,Educational; latest repository commit 2021-06-21.
jobs,karpathy/jobs,https://github.com/karpathy/jobs,evidence pipeline and visualization,User explicitly requested everything from karpathy,HARVEST,Reuse the inspectable scrape-normalize-score-rationale-render pipeline and explicit non-claims for AccentOS vendor and business scoring.,No explicit repository-wide license detected,Active research tool; latest repository commit 2026-03-16. Pattern only unless license is clarified.
karpathy.github.io,karpathy/karpathy.github.io,https://github.com/karpathy/karpathy.github.io,personal site and essays,User explicitly requested everything from karpathy,WATCH,"Treat as a linked research source for ideas, not as reusable software.",No explicit repository-wide license detected,Active content repository; latest repository commit 2026-04-10.
arxiv-sanity-lite,karpathy/arxiv-sanity-lite,https://github.com/karpathy/arxiv-sanity-lite,research discovery,User explicitly requested everything from karpathy,HARVEST,"Steal cheap tag-specific recommendations, explicit user curation, scheduled intake, and simple TF-IDF/SVM baselines before reaching for heavy RAG.",MIT,Stable but aging; latest repository commit 2022-02-14. Reimplement current dependencies rather than deploy unchanged.
reinforcejs,karpathy/reinforcejs,https://github.com/karpathy/reinforcejs,legacy browser RL,User explicitly requested everything from karpathy,DO NOT USE,Legacy educational JavaScript RL code has no current product fit.,MIT stated in README,Legacy; latest repository commit 2015-12-06.
randomfun,karpathy/randomfun,https://github.com/karpathy/randomfun,miscellaneous notebooks,User explicitly requested everything from karpathy,DO NOT USE,Uncurated personal experiments do not belong in a governed reusable stack.,BSD stated in README; variant unspecified,Miscellaneous; latest repository commit 2023-04-14.
ulogme,karpathy/ulogme,https://github.com/karpathy/ulogme,local activity telemetry,User explicitly requested everything from karpathy,HARVEST,Steal local-first append-only activity logs and inspectable timelines for agent usage telemetry; explicitly exclude keylogging and raw window-title surveillance.,MIT stated in README,Legacy implementation; latest repository commit 2016-05-08. Privacy-sensitive pattern only.
recurrentjs,karpathy/recurrentjs,https://github.com/karpathy/recurrentjs,legacy neural network,User explicitly requested everything from karpathy,DO NOT USE,Legacy educational JavaScript code with no current fit and no clear repository-wide license.,No explicit repository-wide license detected,Legacy; latest repository commit 2015-05-20.
pytorch-normalizing-flows,karpathy/pytorch-normalizing-flows,https://github.com/karpathy/pytorch-normalizing-flows,ML research reproduction,User explicitly requested everything from karpathy,DO NOT USE,Niche stale research code is unrelated to current agent or business needs and has no detected license.,No explicit repository-wide license detected,Research snapshot; latest repository commit 2019-12-12.
tsnejs,karpathy/tsnejs,https://github.com/karpathy/tsnejs,legacy visualization,User explicitly requested everything from karpathy,DO NOT USE,Obsolete unlicensed browser implementation; use current maintained visualization libraries.,No explicit repository-wide license detected,Legacy; latest repository commit 2016-10-24.
lecun1989-repro,karpathy/lecun1989-repro,https://github.com/karpathy/lecun1989-repro,reproducible research,User explicitly requested everything from karpathy,HARVEST,"Adopt the habit of recording source claims, assumptions, unknowns, expected results, actual results, and discrepancies in every evaluation report.",MIT,Stable research reproduction; latest repository commit 2022-03-20.
paper-notes,karpathy/paper-notes,https://github.com/karpathy/paper-notes,research notes,User explicitly requested everything from karpathy,DO NOT USE,"Stale personal notes without an explicit license should remain a linked reference, not copied knowledge-vault content.",No explicit repository-wide license detected,Stale; latest repository commit 2017-04-17.
svmjs,karpathy/svmjs,https://github.com/karpathy/svmjs,legacy browser ML,User explicitly requested everything from karpathy,DO NOT USE,Obsolete educational implementation; use maintained libraries or the higher-level recommendation pattern from arxiv-sanity-lite.,MIT stated in README,Legacy; latest repository commit 2013-03-13.
hn-time-capsule,karpathy/hn-time-capsule,https://github.com/karpathy/hn-time-capsule,retrospective evaluation pipeline,User explicitly requested everything from karpathy,HARVEST,"Steal staged, resumable artifacts and hindsight-based grading to backtest strategic predictions and preserve rationale over time.",MIT stated in README,Unsupported prototype; latest repository commit 2025-12-10. Pattern is stronger than the specific app.
deep-vector-quantization,karpathy/deep-vector-quantization,https://github.com/karpathy/deep-vector-quantization,ML research,User explicitly requested everything from karpathy,DO NOT USE,Incomplete niche training code has no direct fit to current projects.,MIT-style license,Research snapshot; latest repository commit 2021-03-02.
pytorch-made,karpathy/pytorch-made,https://github.com/karpathy/pytorch-made,ML research reproduction,User explicitly requested everything from karpathy,DO NOT USE,Niche stale reproduction has no current product fit.,MIT stated in README,Research snapshot; latest repository commit 2018-04-28.
rustbpe,karpathy/rustbpe,https://github.com/karpathy/rustbpe,tokenizer training,User explicitly requested everything from karpathy,WATCH,A clean option if a domain-specific tokenizer becomes necessary; current hosted-model products do not need custom tokenizer training.,MIT,Recent utility; latest repository commit 2026-01-03.
researchpooler,karpathy/researchpooler,https://github.com/karpathy/researchpooler,legacy research utility,User explicitly requested everything from karpathy,DO NOT USE,Very old undocumented and unlicensed utility with no current fit.,No explicit repository-wide license detected,Legacy; latest repository commit 2011-12-02.
covid-sanity,karpathy/covid-sanity,https://github.com/karpathy/covid-sanity,research discovery,User explicitly requested everything from karpathy,DO NOT USE,Pandemic-specific application is obsolete; the general recommendation pattern is better captured by arxiv-sanity-lite.,MIT stated in README,Domain-specific legacy app; latest repository commit 2020-05-03.
find-birds,karpathy/find-birds,https://github.com/karpathy/find-birds,social recommendation,User explicitly requested everything from karpathy,DO NOT USE,Depends on obsolete Twitter-era APIs and does not fit current products.,MIT stated in README,Legacy; latest repository commit 2018-04-01.
forestjs,karpathy/forestjs,https://github.com/karpathy/forestjs,legacy browser ML,User explicitly requested everything from karpathy,DO NOT USE,Obsolete browser random-forest implementation; use current maintained libraries.,MIT stated in README,Legacy; latest repository commit 2012-10-04.
researchlei,karpathy/researchlei,https://github.com/karpathy/researchlei,legacy research utility,User explicitly requested everything from karpathy,DO NOT USE,Old undocumented and unlicensed project with no present fit.,No explicit repository-wide license detected,Legacy; latest repository commit 2013-05-03.
transformers,karpathy/transformers,https://github.com/karpathy/transformers,upstream fork,User explicitly requested everything from karpathy,DO NOT USE,Karpathy's old fork should not replace the maintained huggingface/transformers upstream.,Apache-2.0 in fork,Fork of huggingface/transformers; latest fork commit 2022-06-24.
Random-Forest-Matlab,karpathy/Random-Forest-Matlab,https://github.com/karpathy/Random-Forest-Matlab,legacy MATLAB ML,User explicitly requested everything from karpathy,DO NOT USE,Old unlicensed MATLAB implementation has no fit to the current stack.,No explicit repository-wide license detected,Legacy; latest repository commit 2014-02-27.
nipspreview,karpathy/nipspreview,https://github.com/karpathy/nipspreview,legacy conference browser,User explicitly requested everything from karpathy,DO NOT USE,Obsolete conference-specific browser with no license; modern research intake should use a new pipeline.,No explicit repository-wide license detected,Legacy; latest repository commit 2012-11-26.
scriptsbots,karpathy/scriptsbots,https://github.com/karpathy/scriptsbots,upstream fork,User explicitly requested everything from karpathy,DO NOT USE,Old fork is not a maintained canonical dependency.,No explicit repository-wide license detected,Fork; latest fork commit 2012-01-02.
karpathy profile repo,karpathy/karpathy,https://github.com/karpathy/karpathy,profile metadata,User explicitly requested everything from karpathy,DO NOT USE,Profile README repository contains no reusable product capability.,No explicit repository-wide license detected,Profile repository; latest repository commit 2023-07-25.
calorie,karpathy/calorie,https://github.com/karpathy/calorie,personal utility,User explicitly requested everything from karpathy,DO NOT USE,Single-purpose personal health app is outside project scope.,MIT stated in README,Small personal app; latest repository commit 2024-05-30.
tf-agent,karpathy/tf-agent,https://github.com/karpathy/tf-agent,legacy RL experiment,User explicitly requested everything from karpathy,DO NOT USE,Undocumented obsolete RL experiment with no current fit or explicit license.,No explicit repository-wide license detected,Legacy; latest repository commit 2016-10-03.
gitstats,karpathy/gitstats,https://github.com/karpathy/gitstats,engineering activity view,User explicitly requested everything from karpathy,HARVEST,Reimplement its per-repository activity rollup and links as privacy-safe Agent Stack adoption and engineering telemetry.,No explicit repository-wide license detected,Stale implementation; latest repository commit 2020-04-02. Pattern only.
examples,karpathy/examples,https://github.com/karpathy/examples,upstream fork,User explicitly requested everything from karpathy,DO NOT USE,Large stale fork should not enter the stack; use its canonical upstream if a specific example is needed.,BSD-3-Clause in fork,Fork; latest fork commit 2018-05-15.
lifejs,karpathy/lifejs,https://github.com/karpathy/lifejs,upstream fork,User explicitly requested everything from karpathy,DO NOT USE,Old fork has no current product relevance.,No explicit repository-wide license detected,Fork; latest fork commit 2012-05-27.
EigenLibSVM,karpathy/EigenLibSVM,https://github.com/karpathy/EigenLibSVM,legacy C++ ML,User explicitly requested everything from karpathy,DO NOT USE,Old unlicensed wrapper has no fit; use maintained libraries.,No explicit repository-wide license detected,Legacy; latest repository commit 2012-05-12.
notpygamejs,karpathy/notpygamejs,https://github.com/karpathy/notpygamejs,legacy JavaScript utility,User explicitly requested everything from karpathy,DO NOT USE,Obsolete unlicensed personal utility with no project fit.,No explicit repository-wide license detected,Legacy; latest repository commit 2012-05-07.
twoolpy,karpathy/twoolpy,https://github.com/karpathy/twoolpy,legacy social utility,User explicitly requested everything from karpathy,DO NOT USE,Obsolete Twitter utility with no current integration value.,WTFPL stated in README,Legacy; latest repository commit 2012-11-29.
cpython,karpathy/cpython,https://github.com/karpathy/cpython,upstream fork,User explicitly requested everything from karpathy,DO NOT USE,Use the maintained python/cpython repository rather than this personal fork.,Python Software Foundation License in fork,Fork; latest fork commit 2025-12-09.
scholaroctopus,karpathy/scholaroctopus,https://github.com/karpathy/scholaroctopus,research visualization,User explicitly requested everything from karpathy,DO NOT USE,Historical static literature visualization is superseded by the stronger arxiv-sanity-lite pattern.,MIT stated in README,Legacy; latest repository commit 2014-08-11.
MatlabWrapper,karpathy/MatlabWrapper,https://github.com/karpathy/MatlabWrapper,legacy MATLAB utility,User explicitly requested everything from karpathy,DO NOT USE,Tiny unlicensed legacy wrapper has no current fit.,No explicit repository-wide license detected,Legacy; latest repository commit 2012-08-27.
sqlitedict,karpathy/sqlitedict,https://github.com/karpathy/sqlitedict,upstream fork,User explicitly requested everything from karpathy,DO NOT USE,Use the maintained canonical package rather than Karpathy's stale fork.,No explicit repository-wide license detected in fork,Fork; latest fork commit 2020-01-01.
optim,karpathy/optim,https://github.com/karpathy/optim,upstream fork,User explicitly requested everything from karpathy,DO NOT USE,Old Torch optimization fork is not a maintained canonical dependency.,No explicit repository-wide license detected in fork,Fork; latest fork commit 2015-04-16.
nn,karpathy/nn,https://github.com/karpathy/nn,upstream fork,User explicitly requested everything from karpathy,DO NOT USE,Old Torch neural-network fork is obsolete and not canonical.,No explicit repository-wide license detected in fork,Fork; latest fork commit 2015-05-16.
simple-amt,karpathy/simple-amt,https://github.com/karpathy/simple-amt,upstream fork,User explicitly requested everything from karpathy,DO NOT USE,Legacy Mechanical Turk fork has no current project fit.,No explicit repository-wide license detected in fork,Fork; latest fork commit 2015-03-03.
LLM Wiki gist,karpathy/llm-wiki,https://gist.github.com/karpathy/442a6bf555914893e9891c11519de94f,knowledge management pattern,User explicitly referenced karpathy RAG and LLM wiki,ADOPT NOW,"Implement the raw immutable sources, LLM-maintained linked wiki, schema, ingest, query, lint, index, and append-only log pattern in the Obsidian knowledge vault using original wording and structures.",No explicit license attached to the gist; ideas may be independently implemented but text should not be copied verbatim,"Created 2026-04-04. This is an idea file, not a software repository or installable dependency."
